	decimal_date	average	interpolated	Date
0	1958.208	315.71	315.71	1958-3
1	1958.292	317.45	317.45	1958-4
2	1958.375	317.5	317.5	1958-5
3	1958.458	-99.99	317.1	1958-6
4	1958.542	315.86	315.86	1958-7
5	1958.625	314.93	314.93	1958-8
6	1958.708	313.2	313.2	1958-9
7	1958.792	-99.99	312.66	1958-10
8	1958.875	313.33	313.33	1958-11
9	1958.958	314.67	314.67	1958-12
10	1959.042	315.62	315.62	1959-1
11	1959.125	316.38	316.38	1959-2
12	1959.208	316.71	316.71	1959-3
13	1959.292	317.72	317.72	1959-4
14	1959.375	318.29	318.29	1959-5
15	1959.458	318.15	318.15	1959-6
16	1959.542	316.54	316.54	1959-7
17	1959.625	314.8	314.8	1959-8
18	1959.708	313.84	313.84	1959-9
19	1959.792	313.26	313.26	1959-10
20	1959.875	314.8	314.8	1959-11
21	1959.958	315.58	315.58	1959-12
22	1960.042	316.43	316.43	1960-1
23	1960.125	316.97	316.97	1960-2
24	1960.208	317.58	317.58	1960-3
25	1960.292	319.02	319.02	1960-4
26	1960.375	320.03	320.03	1960-5
27	1960.458	319.59	319.59	1960-6
28	1960.542	318.18	318.18	1960-7
29	1960.625	315.91	315.91	1960-8
30	1960.708	314.16	314.16	1960-9
31	1960.792	313.83	313.83	1960-10
32	1960.875	315.0	315.0	1960-11
33	1960.958	316.19	316.19	1960-12
34	1961.042	316.93	316.93	1961-1
35	1961.125	317.7	317.7	1961-2
36	1961.208	318.54	318.54	1961-3
37	1961.292	319.48	319.48	1961-4
38	1961.375	320.58	320.58	1961-5
39	1961.458	319.77	319.77	1961-6
40	1961.542	318.57	318.57	1961-7
41	1961.625	316.79	316.79	1961-8
42	1961.708	314.8	314.8	1961-9
43	1961.792	315.38	315.38	1961-10
44	1961.875	316.1	316.1	1961-11
45	1961.958	317.01	317.01	1961-12
46	1962.042	317.94	317.94	1962-1
47	1962.125	318.56	318.56	1962-2
48	1962.208	319.68	319.68	1962-3
49	1962.292	320.63	320.63	1962-4
50	1962.375	321.01	321.01	1962-5
51	1962.458	320.55	320.55	1962-6
52	1962.542	319.58	319.58	1962-7
53	1962.625	317.4	317.4	1962-8
54	1962.708	316.26	316.26	1962-9
55	1962.792	315.42	315.42	1962-10
56	1962.875	316.69	316.69	1962-11
57	1962.958	317.69	317.69	1962-12
58	1963.042	318.74	318.74	1963-1
59	1963.125	319.08	319.08	1963-2
60	1963.208	319.86	319.86	1963-3
61	1963.292	321.39	321.39	1963-4
62	1963.375	322.25	322.25	1963-5
63	1963.458	321.47	321.47	1963-6
64	1963.542	319.74	319.74	1963-7
65	1963.625	317.77	317.77	1963-8
66	1963.708	316.21	316.21	1963-9
67	1963.792	315.99	315.99	1963-10
68	1963.875	317.12	317.12	1963-11
69	1963.958	318.31	318.31	1963-12
70	1964.042	319.57	319.57	1964-1
71	1964.125	-99.99	320.07	1964-2
72	1964.208	-99.99	320.73	1964-3
73	1964.292	-99.99	321.77	1964-4
74	1964.375	322.25	322.25	1964-5
75	1964.458	321.89	321.89	1964-6
76	1964.542	320.44	320.44	1964-7
77	1964.625	318.7	318.7	1964-8
78	1964.708	316.7	316.7	1964-9
79	1964.792	316.79	316.79	1964-10
80	1964.875	317.79	317.79	1964-11
81	1964.958	318.71	318.71	1964-12
82	1965.042	319.44	319.44	1965-1
83	1965.125	320.44	320.44	1965-2
84	1965.208	320.89	320.89	1965-3
85	1965.292	322.13	322.13	1965-4
86	1965.375	322.16	322.16	1965-5
87	1965.458	321.87	321.87	1965-6
88	1965.542	321.39	321.39	1965-7
89	1965.625	318.81	318.81	1965-8
90	1965.708	317.81	317.81	1965-9
91	1965.792	317.3	317.3	1965-10
92	1965.875	318.87	318.87	1965-11
93	1965.958	319.42	319.42	1965-12
94	1966.042	320.62	320.62	1966-1
95	1966.125	321.59	321.59	1966-2
96	1966.208	322.39	322.39	1966-3
97	1966.292	323.87	323.87	1966-4
98	1966.375	324.01	324.01	1966-5
99	1966.458	323.75	323.75	1966-6
100	1966.542	322.39	322.39	1966-7
101	1966.625	320.37	320.37	1966-8
102	1966.708	318.64	318.64	1966-9
103	1966.792	318.1	318.1	1966-10
104	1966.875	319.79	319.79	1966-11
105	1966.958	321.08	321.08	1966-12
106	1967.042	322.07	322.07	1967-1
107	1967.125	322.5	322.5	1967-2
108	1967.208	323.04	323.04	1967-3
109	1967.292	324.42	324.42	1967-4
110	1967.375	325.0	325.0	1967-5
111	1967.458	324.09	324.09	1967-6
112	1967.542	322.55	322.55	1967-7
113	1967.625	320.92	320.92	1967-8
114	1967.708	319.31	319.31	1967-9
115	1967.792	319.31	319.31	1967-10
116	1967.875	320.72	320.72	1967-11
117	1967.958	321.96	321.96	1967-12
118	1968.042	322.57	322.57	1968-1
119	1968.125	323.15	323.15	1968-2
120	1968.208	323.89	323.89	1968-3
121	1968.292	325.02	325.02	1968-4
122	1968.375	325.57	325.57	1968-5
123	1968.458	325.36	325.36	1968-6
124	1968.542	324.14	324.14	1968-7
125	1968.625	322.03	322.03	1968-8
126	1968.708	320.41	320.41	1968-9
127	1968.792	320.25	320.25	1968-10
128	1968.875	321.31	321.31	1968-11
129	1968.958	322.84	322.84	1968-12
130	1969.042	324.0	324.0	1969-1
131	1969.125	324.42	324.42	1969-2
132	1969.208	325.64	325.64	1969-3
133	1969.292	326.66	326.66	1969-4
134	1969.375	327.34	327.34	1969-5
135	1969.458	326.76	326.76	1969-6
136	1969.542	325.88	325.88	1969-7
137	1969.625	323.67	323.67	1969-8
138	1969.708	322.38	322.38	1969-9
139	1969.792	321.78	321.78	1969-10
140	1969.875	322.85	322.85	1969-11
141	1969.958	324.11	324.11	1969-12
142	1970.042	325.03	325.03	1970-1
143	1970.125	325.99	325.99	1970-2
144	1970.208	326.87	326.87	1970-3
145	1970.292	328.13	328.13	1970-4
146	1970.375	328.07	328.07	1970-5
147	1970.458	327.66	327.66	1970-6
148	1970.542	326.35	326.35	1970-7
149	1970.625	324.69	324.69	1970-8
150	1970.708	323.1	323.1	1970-9
151	1970.792	323.16	323.16	1970-10
152	1970.875	323.98	323.98	1970-11
153	1970.958	325.13	325.13	1970-12
154	1971.042	326.17	326.17	1971-1
155	1971.125	326.68	326.68	1971-2
156	1971.208	327.18	327.18	1971-3
157	1971.292	327.78	327.78	1971-4
158	1971.375	328.92	328.92	1971-5
159	1971.458	328.57	328.57	1971-6
160	1971.542	327.34	327.34	1971-7
161	1971.625	325.46	325.46	1971-8
162	1971.708	323.36	323.36	1971-9
163	1971.792	323.57	323.57	1971-10
164	1971.875	324.8	324.8	1971-11
165	1971.958	326.01	326.01	1971-12
166	1972.042	326.77	326.77	1972-1
167	1972.125	327.63	327.63	1972-2
168	1972.208	327.75	327.75	1972-3
169	1972.292	329.72	329.72	1972-4
170	1972.375	330.07	330.07	1972-5
171	1972.458	329.09	329.09	1972-6
172	1972.542	328.05	328.05	1972-7
173	1972.625	326.32	326.32	1972-8
174	1972.708	324.93	324.93	1972-9
175	1972.792	325.06	325.06	1972-10
176	1972.875	326.5	326.5	1972-11
177	1972.958	327.55	327.55	1972-12
178	1973.042	328.54	328.54	1973-1
179	1973.125	329.56	329.56	1973-2
180	1973.208	330.3	330.3	1973-3
181	1973.292	331.5	331.5	1973-4
182	1973.375	332.48	332.48	1973-5
183	1973.458	332.07	332.07	1973-6
184	1973.542	330.87	330.87	1973-7
185	1973.625	329.31	329.31	1973-8
186	1973.708	327.51	327.51	1973-9
187	1973.792	327.18	327.18	1973-10
188	1973.875	328.16	328.16	1973-11
189	1973.958	328.64	328.64	1973-12
190	1974.042	329.35	329.35	1974-1
191	1974.125	330.71	330.71	1974-2
192	1974.208	331.48	331.48	1974-3
193	1974.292	332.65	332.65	1974-4
194	1974.375	333.2	333.2	1974-5
195	1974.458	332.16	332.16	1974-6
196	1974.542	331.07	331.07	1974-7
197	1974.625	329.12	329.12	1974-8
198	1974.708	327.32	327.32	1974-9
199	1974.792	327.28	327.28	1974-10
200	1974.875	328.3	328.3	1974-11
201	1974.958	329.58	329.58	1974-12
202	1975.042	330.73	330.73	1975-1
203	1975.125	331.46	331.46	1975-2
204	1975.208	331.9	331.9	1975-3
205	1975.292	333.17	333.17	1975-4
206	1975.375	333.94	333.94	1975-5
207	1975.458	333.45	333.45	1975-6
208	1975.542	331.98	331.98	1975-7
209	1975.625	329.95	329.95	1975-8
210	1975.708	328.5	328.5	1975-9
211	1975.792	328.35	328.35	1975-10
212	1975.875	329.37	329.37	1975-11
213	1975.958	-99.99	330.59	1975-12
214	1976.042	331.59	331.59	1976-1
215	1976.125	332.75	332.75	1976-2
216	1976.208	333.52	333.52	1976-3
217	1976.292	334.64	334.64	1976-4
218	1976.375	334.77	334.77	1976-5
219	1976.458	334.0	334.0	1976-6
220	1976.542	333.06	333.06	1976-7
221	1976.625	330.68	330.68	1976-8
222	1976.708	328.95	328.95	1976-9
223	1976.792	328.75	328.75	1976-10
224	1976.875	330.15	330.15	1976-11
225	1976.958	331.63	331.63	1976-12
226	1977.042	332.66	332.66	1977-1
227	1977.125	333.13	333.13	1977-2
228	1977.208	334.95	334.95	1977-3
229	1977.292	336.13	336.13	1977-4
230	1977.375	336.93	336.93	1977-5
231	1977.458	336.16	336.16	1977-6
232	1977.542	334.88	334.88	1977-7
233	1977.625	332.56	332.56	1977-8
234	1977.708	331.29	331.29	1977-9
235	1977.792	331.27	331.27	1977-10
236	1977.875	332.41	332.41	1977-11
237	1977.958	333.6	333.6	1977-12
238	1978.042	334.95	334.95	1978-1
239	1978.125	335.25	335.25	1978-2
240	1978.208	336.66	336.66	1978-3
241	1978.292	337.69	337.69	1978-4
242	1978.375	338.03	338.03	1978-5
243	1978.458	338.01	338.01	1978-6
244	1978.542	336.41	336.41	1978-7
245	1978.625	334.41	334.41	1978-8
246	1978.708	332.37	332.37	1978-9
247	1978.792	332.41	332.41	1978-10
248	1978.875	333.75	333.75	1978-11
249	1978.958	334.9	334.9	1978-12
250	1979.042	336.14	336.14	1979-1
251	1979.125	336.69	336.69	1979-2
252	1979.208	338.27	338.27	1979-3
253	1979.292	338.96	338.96	1979-4
254	1979.375	339.21	339.21	1979-5
255	1979.458	339.26	339.26	1979-6
256	1979.542	337.54	337.54	1979-7
257	1979.625	335.75	335.75	1979-8
258	1979.708	333.98	333.98	1979-9
259	1979.792	334.19	334.19	1979-10
260	1979.875	335.31	335.31	1979-11
261	1979.958	336.81	336.81	1979-12
262	1980.042	337.9	337.9	1980-1
263	1980.125	338.34	338.34	1980-2
264	1980.208	340.01	340.01	1980-3
265	1980.292	340.93	340.93	1980-4
266	1980.375	341.48	341.48	1980-5
267	1980.458	341.33	341.33	1980-6
268	1980.542	339.4	339.4	1980-7
269	1980.625	337.7	337.7	1980-8
270	1980.708	336.19	336.19	1980-9
271	1980.792	336.15	336.15	1980-10
272	1980.875	337.27	337.27	1980-11
273	1980.958	338.32	338.32	1980-12
274	1981.042	339.29	339.29	1981-1
275	1981.125	340.55	340.55	1981-2
276	1981.208	341.61	341.61	1981-3
277	1981.292	342.53	342.53	1981-4
278	1981.375	343.03	343.03	1981-5
279	1981.458	342.54	342.54	1981-6
280	1981.542	340.78	340.78	1981-7
281	1981.625	338.44	338.44	1981-8
282	1981.708	336.95	336.95	1981-9
283	1981.792	337.08	337.08	1981-10
284	1981.875	338.58	338.58	1981-11
285	1981.958	339.88	339.88	1981-12
286	1982.042	340.96	340.96	1982-1
287	1982.125	341.73	341.73	1982-2
288	1982.208	342.82	342.82	1982-3
289	1982.292	343.97	343.97	1982-4
290	1982.375	344.63	344.63	1982-5
291	1982.458	343.79	343.79	1982-6
292	1982.542	342.32	342.32	1982-7
293	1982.625	340.09	340.09	1982-8
294	1982.708	338.28	338.28	1982-9
295	1982.792	338.29	338.29	1982-10
296	1982.875	339.6	339.6	1982-11
297	1982.958	340.9	340.9	1982-12
298	1983.042	341.68	341.68	1983-1
299	1983.125	342.9	342.9	1983-2
300	1983.208	343.33	343.33	1983-3
301	1983.292	345.25	345.25	1983-4
302	1983.375	346.03	346.03	1983-5
303	1983.458	345.63	345.63	1983-6
304	1983.542	344.19	344.19	1983-7
305	1983.625	342.27	342.27	1983-8
306	1983.708	340.35	340.35	1983-9
307	1983.792	340.38	340.38	1983-10
308	1983.875	341.59	341.59	1983-11
309	1983.958	343.05	343.05	1983-12
310	1984.042	344.1	344.1	1984-1
311	1984.125	344.79	344.79	1984-2
312	1984.208	345.52	345.52	1984-3
313	1984.292	-99.99	346.84	1984-4
314	1984.375	347.63	347.63	1984-5
315	1984.458	346.97	346.97	1984-6
316	1984.542	345.53	345.53	1984-7
317	1984.625	343.55	343.55	1984-8
318	1984.708	341.4	341.4	1984-9
319	1984.792	341.67	341.67	1984-10
320	1984.875	343.1	343.1	1984-11
321	1984.958	344.7	344.7	1984-12
322	1985.042	345.21	345.21	1985-1
323	1985.125	346.16	346.16	1985-2
324	1985.208	347.74	347.74	1985-3
325	1985.292	348.33	348.33	1985-4
326	1985.375	349.06	349.06	1985-5
327	1985.458	348.38	348.38	1985-6
328	1985.542	346.72	346.72	1985-7
329	1985.625	345.02	345.02	1985-8
330	1985.708	343.27	343.27	1985-9
331	1985.792	343.13	343.13	1985-10
332	1985.875	344.49	344.49	1985-11
333	1985.958	345.88	345.88	1985-12
334	1986.042	346.56	346.56	1986-1
335	1986.125	347.28	347.28	1986-2
336	1986.208	348.01	348.01	1986-3
337	1986.292	349.77	349.77	1986-4
338	1986.375	350.38	350.38	1986-5
339	1986.458	349.93	349.93	1986-6
340	1986.542	348.16	348.16	1986-7
341	1986.625	346.08	346.08	1986-8
342	1986.708	345.22	345.22	1986-9
343	1986.792	344.51	344.51	1986-10
344	1986.875	345.93	345.93	1986-11
345	1986.958	347.21	347.21	1986-12
346	1987.042	348.52	348.52	1987-1
347	1987.125	348.73	348.73	1987-2
348	1987.208	349.73	349.73	1987-3
349	1987.292	351.31	351.31	1987-4
350	1987.375	352.09	352.09	1987-5
351	1987.458	351.53	351.53	1987-6
352	1987.542	350.11	350.11	1987-7
353	1987.625	347.92	347.92	1987-8
354	1987.708	346.52	346.52	1987-9
355	1987.792	346.59	346.59	1987-10
356	1987.875	347.96	347.96	1987-11
357	1987.958	349.16	349.16	1987-12
358	1988.042	350.39	350.39	1988-1
359	1988.125	351.64	351.64	1988-2
360	1988.208	352.41	352.41	1988-3
361	1988.292	353.69	353.69	1988-4
362	1988.375	354.21	354.21	1988-5
363	1988.458	353.72	353.72	1988-6
364	1988.542	352.69	352.69	1988-7
365	1988.625	350.4	350.4	1988-8
366	1988.708	348.92	348.92	1988-9
367	1988.792	349.13	349.13	1988-10
368	1988.875	350.2	350.2	1988-11
369	1988.958	351.41	351.41	1988-12
370	1989.042	352.91	352.91	1989-1
371	1989.125	353.27	353.27	1989-2
372	1989.208	353.96	353.96	1989-3
373	1989.292	355.64	355.64	1989-4
374	1989.375	355.86	355.86	1989-5
375	1989.458	355.37	355.37	1989-6
376	1989.542	353.99	353.99	1989-7
377	1989.625	351.81	351.81	1989-8
378	1989.708	350.05	350.05	1989-9
379	1989.792	350.25	350.25	1989-10
380	1989.875	351.49	351.49	1989-11
381	1989.958	352.85	352.85	1989-12
382	1990.042	353.8	353.8	1990-1
383	1990.125	355.04	355.04	1990-2
384	1990.208	355.73	355.73	1990-3
385	1990.292	356.32	356.32	1990-4
386	1990.375	357.32	357.32	1990-5
387	1990.458	356.34	356.34	1990-6
388	1990.542	354.84	354.84	1990-7
389	1990.625	353.01	353.01	1990-8
390	1990.708	351.31	351.31	1990-9
391	1990.792	351.62	351.62	1990-10
392	1990.875	353.07	353.07	1990-11
393	1990.958	354.33	354.33	1990-12
394	1991.042	354.84	354.84	1991-1
395	1991.125	355.73	355.73	1991-2
396	1991.208	357.23	357.23	1991-3
397	1991.292	358.66	358.66	1991-4
398	1991.375	359.13	359.13	1991-5
399	1991.458	358.13	358.13	1991-6
400	1991.542	356.19	356.19	1991-7
401	1991.625	353.85	353.85	1991-8
402	1991.708	352.25	352.25	1991-9
403	1991.792	352.35	352.35	1991-10
404	1991.875	353.81	353.81	1991-11
405	1991.958	355.12	355.12	1991-12
406	1992.042	356.25	356.25	1992-1
407	1992.125	357.11	357.11	1992-2
408	1992.208	357.86	357.86	1992-3
409	1992.292	359.09	359.09	1992-4
410	1992.375	359.59	359.59	1992-5
411	1992.458	359.33	359.33	1992-6
412	1992.542	357.01	357.01	1992-7
413	1992.625	354.94	354.94	1992-8
414	1992.708	352.95	352.95	1992-9
415	1992.792	353.32	353.32	1992-10
416	1992.875	354.32	354.32	1992-11
417	1992.958	355.57	355.57	1992-12
418	1993.042	357.0	357.0	1993-1
419	1993.125	357.31	357.31	1993-2
420	1993.208	358.47	358.47	1993-3
421	1993.292	359.27	359.27	1993-4
422	1993.375	360.19	360.19	1993-5
423	1993.458	359.52	359.52	1993-6
424	1993.542	357.33	357.33	1993-7
425	1993.625	355.64	355.64	1993-8
426	1993.708	354.03	354.03	1993-9
427	1993.792	354.12	354.12	1993-10
428	1993.875	355.41	355.41	1993-11
429	1993.958	356.91	356.91	1993-12
430	1994.042	358.24	358.24	1994-1
431	1994.125	358.92	358.92	1994-2
432	1994.208	359.99	359.99	1994-3
433	1994.292	361.23	361.23	1994-4
434	1994.375	361.65	361.65	1994-5
435	1994.458	360.81	360.81	1994-6
436	1994.542	359.38	359.38	1994-7
437	1994.625	357.46	357.46	1994-8
438	1994.708	355.73	355.73	1994-9
439	1994.792	356.07	356.07	1994-10
440	1994.875	357.53	357.53	1994-11
441	1994.958	358.98	358.98	1994-12
442	1995.042	359.92	359.92	1995-1
443	1995.125	360.86	360.86	1995-2
444	1995.208	361.83	361.83	1995-3
445	1995.292	363.3	363.3	1995-4
446	1995.375	363.69	363.69	1995-5
447	1995.458	363.19	363.19	1995-6
448	1995.542	361.64	361.64	1995-7
449	1995.625	359.12	359.12	1995-8
450	1995.708	358.17	358.17	1995-9
451	1995.792	357.99	357.99	1995-10
452	1995.875	359.45	359.45	1995-11
453	1995.958	360.68	360.68	1995-12
454	1996.042	362.07	362.07	1996-1
455	1996.125	363.24	363.24	1996-2
456	1996.208	364.17	364.17	1996-3
457	1996.292	364.57	364.57	1996-4
458	1996.375	365.13	365.13	1996-5
459	1996.458	364.92	364.92	1996-6
460	1996.542	363.55	363.55	1996-7
461	1996.625	361.38	361.38	1996-8
462	1996.708	359.54	359.54	1996-9
463	1996.792	359.58	359.58	1996-10
464	1996.875	360.89	360.89	1996-11
465	1996.958	362.25	362.25	1996-12
466	1997.042	363.09	363.09	1997-1
467	1997.125	364.03	364.03	1997-2
468	1997.208	364.51	364.51	1997-3
469	1997.292	366.35	366.35	1997-4
470	1997.375	366.64	366.64	1997-5
471	1997.458	365.59	365.59	1997-6
472	1997.542	364.31	364.31	1997-7
473	1997.625	362.25	362.25	1997-8
474	1997.708	360.29	360.29	1997-9
475	1997.792	360.82	360.82	1997-10
476	1997.875	362.49	362.49	1997-11
477	1997.958	364.38	364.38	1997-12
478	1998.042	365.26	365.26	1998-1
479	1998.125	365.98	365.98	1998-2
480	1998.208	367.24	367.24	1998-3
481	1998.292	368.66	368.66	1998-4
482	1998.375	369.42	369.42	1998-5
483	1998.458	368.99	368.99	1998-6
484	1998.542	367.82	367.82	1998-7
485	1998.625	365.95	365.95	1998-8
486	1998.708	364.02	364.02	1998-9
487	1998.792	364.4	364.4	1998-10
488	1998.875	365.52	365.52	1998-11
489	1998.958	367.13	367.13	1998-12
490	1999.042	368.18	368.18	1999-1
491	1999.125	369.07	369.07	1999-2
492	1999.208	369.68	369.68	1999-3
493	1999.292	370.99	370.99	1999-4
494	1999.375	370.96	370.96	1999-5
495	1999.458	370.3	370.3	1999-6
496	1999.542	369.45	369.45	1999-7
497	1999.625	366.9	366.9	1999-8
498	1999.708	364.81	364.81	1999-9
499	1999.792	365.37	365.37	1999-10
500	1999.875	366.72	366.72	1999-11
501	1999.958	368.1	368.1	1999-12
502	2000.042	369.29	369.29	2000-1
503	2000.125	369.54	369.54	2000-2
504	2000.208	370.6	370.6	2000-3
505	2000.292	371.81	371.81	2000-4
506	2000.375	371.58	371.58	2000-5
507	2000.458	371.7	371.7	2000-6
508	2000.542	369.86	369.86	2000-7
509	2000.625	368.13	368.13	2000-8
510	2000.708	367.0	367.0	2000-9
511	2000.792	367.03	367.03	2000-10
512	2000.875	368.37	368.37	2000-11
513	2000.958	369.67	369.67	2000-12
514	2001.042	370.59	370.59	2001-1
515	2001.125	371.51	371.51	2001-2
516	2001.208	372.43	372.43	2001-3
517	2001.292	373.37	373.37	2001-4
518	2001.375	373.85	373.85	2001-5
519	2001.458	373.21	373.21	2001-6
520	2001.542	371.51	371.51	2001-7
521	2001.625	369.61	369.61	2001-8
522	2001.708	368.18	368.18	2001-9
523	2001.792	368.45	368.45	2001-10
524	2001.875	369.76	369.76	2001-11
525	2001.958	371.24	371.24	2001-12
526	2002.042	372.53	372.53	2002-1
527	2002.125	373.2	373.2	2002-2
528	2002.208	374.12	374.12	2002-3
529	2002.292	375.02	375.02	2002-4
530	2002.375	375.76	375.76	2002-5
531	2002.458	375.52	375.52	2002-6
532	2002.542	374.01	374.01	2002-7
533	2002.625	371.85	371.85	2002-8
534	2002.708	370.75	370.75	2002-9
535	2002.792	370.55	370.55	2002-10
536	2002.875	372.25	372.25	2002-11
537	2002.958	373.79	373.79	2002-12
538	2003.042	374.88	374.88	2003-1
539	2003.125	375.64	375.64	2003-2
540	2003.208	376.46	376.46	2003-3
541	2003.292	377.73	377.73	2003-4
542	2003.375	378.6	378.6	2003-5
543	2003.458	378.28	378.28	2003-6
544	2003.542	376.7	376.7	2003-7
545	2003.625	374.38	374.38	2003-8
546	2003.708	373.17	373.17	2003-9
547	2003.792	373.14	373.14	2003-10
548	2003.875	374.66	374.66	2003-11
549	2003.958	375.99	375.99	2003-12
550	2004.042	377.0	377.0	2004-1
551	2004.125	377.87	377.87	2004-2
552	2004.208	378.88	378.88	2004-3
553	2004.292	380.35	380.35	2004-4
554	2004.375	380.62	380.62	2004-5
555	2004.458	379.69	379.69	2004-6
556	2004.542	377.47	377.47	2004-7
557	2004.625	376.01	376.01	2004-8
558	2004.708	374.25	374.25	2004-9
559	2004.792	374.46	374.46	2004-10
560	2004.875	376.16	376.16	2004-11
561	2004.958	377.51	377.51	2004-12
562	2005.042	378.46	378.46	2005-1
563	2005.125	379.73	379.73	2005-2
564	2005.208	380.77	380.77	2005-3
565	2005.292	382.29	382.29	2005-4
566	2005.375	382.45	382.45	2005-5
567	2005.458	382.22	382.22	2005-6
568	2005.542	380.74	380.74	2005-7
569	2005.625	378.74	378.74	2005-8
570	2005.708	376.7	376.7	2005-9
571	2005.792	377.0	377.0	2005-10
572	2005.875	378.35	378.35	2005-11
573	2005.958	380.11	380.11	2005-12
574	2006.042	381.38	381.38	2006-1
575	2006.125	382.19	382.19	2006-2
576	2006.208	382.67	382.67	2006-3
577	2006.292	384.61	384.61	2006-4
578	2006.375	385.03	385.03	2006-5
579	2006.458	384.05	384.05	2006-6
580	2006.542	382.46	382.46	2006-7
581	2006.625	380.41	380.41	2006-8
582	2006.708	378.85	378.85	2006-9
583	2006.792	379.13	379.13	2006-10
584	2006.875	380.15	380.15	2006-11
585	2006.958	381.82	381.82	2006-12
586	2007.042	382.89	382.89	2007-1
587	2007.125	383.9	383.9	2007-2
588	2007.208	384.58	384.58	2007-3
589	2007.292	386.5	386.5	2007-4
590	2007.375	386.56	386.56	2007-5
591	2007.458	386.1	386.1	2007-6
592	2007.542	384.5	384.5	2007-7
593	2007.625	381.99	381.99	2007-8
594	2007.708	380.96	380.96	2007-9
595	2007.792	381.12	381.12	2007-10
596	2007.875	382.45	382.45	2007-11
597	2007.958	383.95	383.95	2007-12
598	2008.042	385.52	385.52	2008-1
599	2008.125	385.82	385.82	2008-2
600	2008.208	386.03	386.03	2008-3
601	2008.292	387.21	387.21	2008-4
602	2008.375	388.54	388.54	2008-5
603	2008.458	387.76	387.76	2008-6
604	2008.542	386.36	386.36	2008-7
605	2008.625	384.09	384.09	2008-8
606	2008.708	383.18	383.18	2008-9
607	2008.792	382.99	382.99	2008-10
608	2008.875	384.19	384.19	2008-11
609	2008.958	385.56	385.56	2008-12
610	2009.042	386.94	386.94	2009-1
611	2009.125	387.47	387.47	2009-2
612	2009.208	388.82	388.82	2009-3
613	2009.292	389.55	389.55	2009-4
614	2009.375	390.14	390.14	2009-5
615	2009.458	389.48	389.48	2009-6
616	2009.542	388.03	388.03	2009-7
617	2009.625	386.11	386.11	2009-8
618	2009.708	384.74	384.74	2009-9
619	2009.792	384.43	384.43	2009-10
620	2009.875	386.02	386.02	2009-11
621	2009.958	387.42	387.42	2009-12
622	2010.042	388.71	388.71	2010-1
623	2010.125	390.2	390.2	2010-2
624	2010.208	391.17	391.17	2010-3
625	2010.292	392.46	392.46	2010-4
626	2010.375	393.0	393.0	2010-5
627	2010.458	392.15	392.15	2010-6
628	2010.542	390.2	390.2	2010-7
629	2010.625	388.35	388.35	2010-8
630	2010.708	386.85	386.85	2010-9
631	2010.792	387.24	387.24	2010-10
632	2010.875	388.67	388.67	2010-11
633	2010.958	389.79	389.79	2010-12
634	2011.042	391.33	391.33	2011-1
635	2011.125	391.86	391.86	2011-2
636	2011.208	392.6	392.6	2011-3
637	2011.292	393.25	393.25	2011-4
638	2011.375	394.19	394.19	2011-5
639	2011.458	393.73	393.73	2011-6
640	2011.542	392.51	392.51	2011-7
641	2011.625	390.13	390.13	2011-8
642	2011.708	389.08	389.08	2011-9
643	2011.792	389.0	389.0	2011-10
644	2011.875	390.28	390.28	2011-11
645	2011.958	391.86	391.86	2011-12
646	2012.042	393.12	393.12	2012-1
647	2012.125	393.86	393.86	2012-2
648	2012.208	394.4	394.4	2012-3
649	2012.292	396.18	396.18	2012-4
650	2012.375	396.74	396.74	2012-5
651	2012.458	395.71	395.71	2012-6
652	2012.542	394.36	394.36	2012-7
653	2012.625	392.39	392.39	2012-8
654	2012.708	391.11	391.11	2012-9
655	2012.792	391.05	391.05	2012-10
656	2012.875	392.98	392.98	2012-11
657	2012.958	394.34	394.34	2012-12
658	2013.042	395.55	395.55	2013-1
659	2013.125	396.8	396.8	2013-2
660	2013.208	397.43	397.43	2013-3
661	2013.292	398.41	398.41	2013-4
662	2013.375	399.78	399.78	2013-5
663	2013.458	398.61	398.61	2013-6
664	2013.542	397.32	397.32	2013-7
665	2013.625	395.2	395.2	2013-8
666	2013.708	393.45	393.45	2013-9
667	2013.792	393.7	393.7	2013-10
668	2013.875	395.16	395.16	2013-11
669	2013.958	396.84	396.84	2013-12
670	2014.042	397.85	397.85	2014-1
671	2014.125	398.01	398.01	2014-2
672	2014.208	399.77	399.77	2014-3
673	2014.292	401.38	401.38	2014-4
674	2014.375	401.78	401.78	2014-5
675	2014.458	401.25	401.25	2014-6
676	2014.542	399.1	399.1	2014-7
677	2014.625	397.03	397.03	2014-8
678	2014.708	395.38	395.38	2014-9
679	2014.792	396.03	396.03	2014-10
680	2014.875	397.28	397.28	2014-11
681	2014.958	398.91	398.91	2014-12
682	2015.042	399.98	399.98	2015-1
683	2015.125	400.28	400.28	2015-2
684	2015.208	401.54	401.54	2015-3
685	2015.292	403.28	403.28	2015-4
686	2015.375	403.96	403.96	2015-5
687	2015.458	402.8	402.8	2015-6
688	2015.542	401.31	401.31	2015-7
689	2015.625	398.93	398.93	2015-8
690	2015.708	397.63	397.63	2015-9
691	2015.792	398.29	398.29	2015-10
692	2015.875	400.16	400.16	2015-11
693	2015.958	401.85	401.85	2015-12
694	2016.042	402.52	402.52	2016-1
695	2016.125	404.04	404.04	2016-2
696	2016.208	404.83	404.83	2016-3
697	2016.292	407.42	407.42	2016-4
698	2016.375	407.7	407.7	2016-5
699	2016.458	406.81	406.81	2016-6
700	2016.542	404.39	404.39	2016-7
701	2016.625	402.25	402.25	2016-8
702	2016.708	401.03	401.03	2016-9
703	2016.792	401.57	401.57	2016-10
704	2016.875	403.53	403.53	2016-11
705	2016.958	404.48	404.48	2016-12
