	year	month	decimal_date	average	interpolated
0	1958	3	1958.208	315.71	315.71
1	1958	4	1958.292	317.45	317.45
2	1958	5	1958.375	317.5	317.5
3	1958	6	1958.458	-99.99	317.1
4	1958	7	1958.542	315.86	315.86
5	1958	8	1958.625	314.93	314.93
6	1958	9	1958.708	313.2	313.2
7	1958	10	1958.792	-99.99	312.66
8	1958	11	1958.875	313.33	313.33
9	1958	12	1958.958	314.67	314.67
10	1959	1	1959.042	315.62	315.62
11	1959	2	1959.125	316.38	316.38
12	1959	3	1959.208	316.71	316.71
13	1959	4	1959.292	317.72	317.72
14	1959	5	1959.375	318.29	318.29
15	1959	6	1959.458	318.15	318.15
16	1959	7	1959.542	316.54	316.54
17	1959	8	1959.625	314.8	314.8
18	1959	9	1959.708	313.84	313.84
19	1959	10	1959.792	313.26	313.26
20	1959	11	1959.875	314.8	314.8
21	1959	12	1959.958	315.58	315.58
22	1960	1	1960.042	316.43	316.43
23	1960	2	1960.125	316.97	316.97
24	1960	3	1960.208	317.58	317.58
25	1960	4	1960.292	319.02	319.02
26	1960	5	1960.375	320.03	320.03
27	1960	6	1960.458	319.59	319.59
28	1960	7	1960.542	318.18	318.18
29	1960	8	1960.625	315.91	315.91
30	1960	9	1960.708	314.16	314.16
31	1960	10	1960.792	313.83	313.83
32	1960	11	1960.875	315.0	315.0
33	1960	12	1960.958	316.19	316.19
34	1961	1	1961.042	316.93	316.93
35	1961	2	1961.125	317.7	317.7
36	1961	3	1961.208	318.54	318.54
37	1961	4	1961.292	319.48	319.48
38	1961	5	1961.375	320.58	320.58
39	1961	6	1961.458	319.77	319.77
40	1961	7	1961.542	318.57	318.57
41	1961	8	1961.625	316.79	316.79
42	1961	9	1961.708	314.8	314.8
43	1961	10	1961.792	315.38	315.38
44	1961	11	1961.875	316.1	316.1
45	1961	12	1961.958	317.01	317.01
46	1962	1	1962.042	317.94	317.94
47	1962	2	1962.125	318.56	318.56
48	1962	3	1962.208	319.68	319.68
49	1962	4	1962.292	320.63	320.63
50	1962	5	1962.375	321.01	321.01
51	1962	6	1962.458	320.55	320.55
52	1962	7	1962.542	319.58	319.58
53	1962	8	1962.625	317.4	317.4
54	1962	9	1962.708	316.26	316.26
55	1962	10	1962.792	315.42	315.42
56	1962	11	1962.875	316.69	316.69
57	1962	12	1962.958	317.69	317.69
58	1963	1	1963.042	318.74	318.74
59	1963	2	1963.125	319.08	319.08
60	1963	3	1963.208	319.86	319.86
61	1963	4	1963.292	321.39	321.39
62	1963	5	1963.375	322.25	322.25
63	1963	6	1963.458	321.47	321.47
64	1963	7	1963.542	319.74	319.74
65	1963	8	1963.625	317.77	317.77
66	1963	9	1963.708	316.21	316.21
67	1963	10	1963.792	315.99	315.99
68	1963	11	1963.875	317.12	317.12
69	1963	12	1963.958	318.31	318.31
70	1964	1	1964.042	319.57	319.57
71	1964	2	1964.125	-99.99	320.07
72	1964	3	1964.208	-99.99	320.73
73	1964	4	1964.292	-99.99	321.77
74	1964	5	1964.375	322.25	322.25
75	1964	6	1964.458	321.89	321.89
76	1964	7	1964.542	320.44	320.44
77	1964	8	1964.625	318.7	318.7
78	1964	9	1964.708	316.7	316.7
79	1964	10	1964.792	316.79	316.79
80	1964	11	1964.875	317.79	317.79
81	1964	12	1964.958	318.71	318.71
82	1965	1	1965.042	319.44	319.44
83	1965	2	1965.125	320.44	320.44
84	1965	3	1965.208	320.89	320.89
85	1965	4	1965.292	322.13	322.13
86	1965	5	1965.375	322.16	322.16
87	1965	6	1965.458	321.87	321.87
88	1965	7	1965.542	321.39	321.39
89	1965	8	1965.625	318.81	318.81
90	1965	9	1965.708	317.81	317.81
91	1965	10	1965.792	317.3	317.3
92	1965	11	1965.875	318.87	318.87
93	1965	12	1965.958	319.42	319.42
94	1966	1	1966.042	320.62	320.62
95	1966	2	1966.125	321.59	321.59
96	1966	3	1966.208	322.39	322.39
97	1966	4	1966.292	323.87	323.87
98	1966	5	1966.375	324.01	324.01
99	1966	6	1966.458	323.75	323.75
100	1966	7	1966.542	322.39	322.39
101	1966	8	1966.625	320.37	320.37
102	1966	9	1966.708	318.64	318.64
103	1966	10	1966.792	318.1	318.1
104	1966	11	1966.875	319.79	319.79
105	1966	12	1966.958	321.08	321.08
106	1967	1	1967.042	322.07	322.07
107	1967	2	1967.125	322.5	322.5
108	1967	3	1967.208	323.04	323.04
109	1967	4	1967.292	324.42	324.42
110	1967	5	1967.375	325.0	325.0
111	1967	6	1967.458	324.09	324.09
112	1967	7	1967.542	322.55	322.55
113	1967	8	1967.625	320.92	320.92
114	1967	9	1967.708	319.31	319.31
115	1967	10	1967.792	319.31	319.31
116	1967	11	1967.875	320.72	320.72
117	1967	12	1967.958	321.96	321.96
118	1968	1	1968.042	322.57	322.57
119	1968	2	1968.125	323.15	323.15
120	1968	3	1968.208	323.89	323.89
121	1968	4	1968.292	325.02	325.02
122	1968	5	1968.375	325.57	325.57
123	1968	6	1968.458	325.36	325.36
124	1968	7	1968.542	324.14	324.14
125	1968	8	1968.625	322.03	322.03
126	1968	9	1968.708	320.41	320.41
127	1968	10	1968.792	320.25	320.25
128	1968	11	1968.875	321.31	321.31
129	1968	12	1968.958	322.84	322.84
130	1969	1	1969.042	324.0	324.0
131	1969	2	1969.125	324.42	324.42
132	1969	3	1969.208	325.64	325.64
133	1969	4	1969.292	326.66	326.66
134	1969	5	1969.375	327.34	327.34
135	1969	6	1969.458	326.76	326.76
136	1969	7	1969.542	325.88	325.88
137	1969	8	1969.625	323.67	323.67
138	1969	9	1969.708	322.38	322.38
139	1969	10	1969.792	321.78	321.78
140	1969	11	1969.875	322.85	322.85
141	1969	12	1969.958	324.11	324.11
142	1970	1	1970.042	325.03	325.03
143	1970	2	1970.125	325.99	325.99
144	1970	3	1970.208	326.87	326.87
145	1970	4	1970.292	328.13	328.13
146	1970	5	1970.375	328.07	328.07
147	1970	6	1970.458	327.66	327.66
148	1970	7	1970.542	326.35	326.35
149	1970	8	1970.625	324.69	324.69
150	1970	9	1970.708	323.1	323.1
151	1970	10	1970.792	323.16	323.16
152	1970	11	1970.875	323.98	323.98
153	1970	12	1970.958	325.13	325.13
154	1971	1	1971.042	326.17	326.17
155	1971	2	1971.125	326.68	326.68
156	1971	3	1971.208	327.18	327.18
157	1971	4	1971.292	327.78	327.78
158	1971	5	1971.375	328.92	328.92
159	1971	6	1971.458	328.57	328.57
160	1971	7	1971.542	327.34	327.34
161	1971	8	1971.625	325.46	325.46
162	1971	9	1971.708	323.36	323.36
163	1971	10	1971.792	323.57	323.57
164	1971	11	1971.875	324.8	324.8
165	1971	12	1971.958	326.01	326.01
166	1972	1	1972.042	326.77	326.77
167	1972	2	1972.125	327.63	327.63
168	1972	3	1972.208	327.75	327.75
169	1972	4	1972.292	329.72	329.72
170	1972	5	1972.375	330.07	330.07
171	1972	6	1972.458	329.09	329.09
172	1972	7	1972.542	328.05	328.05
173	1972	8	1972.625	326.32	326.32
174	1972	9	1972.708	324.93	324.93
175	1972	10	1972.792	325.06	325.06
176	1972	11	1972.875	326.5	326.5
177	1972	12	1972.958	327.55	327.55
178	1973	1	1973.042	328.54	328.54
179	1973	2	1973.125	329.56	329.56
180	1973	3	1973.208	330.3	330.3
181	1973	4	1973.292	331.5	331.5
182	1973	5	1973.375	332.48	332.48
183	1973	6	1973.458	332.07	332.07
184	1973	7	1973.542	330.87	330.87
185	1973	8	1973.625	329.31	329.31
186	1973	9	1973.708	327.51	327.51
187	1973	10	1973.792	327.18	327.18
188	1973	11	1973.875	328.16	328.16
189	1973	12	1973.958	328.64	328.64
190	1974	1	1974.042	329.35	329.35
191	1974	2	1974.125	330.71	330.71
192	1974	3	1974.208	331.48	331.48
193	1974	4	1974.292	332.65	332.65
194	1974	5	1974.375	333.2	333.2
195	1974	6	1974.458	332.16	332.16
196	1974	7	1974.542	331.07	331.07
197	1974	8	1974.625	329.12	329.12
198	1974	9	1974.708	327.32	327.32
199	1974	10	1974.792	327.28	327.28
200	1974	11	1974.875	328.3	328.3
201	1974	12	1974.958	329.58	329.58
202	1975	1	1975.042	330.73	330.73
203	1975	2	1975.125	331.46	331.46
204	1975	3	1975.208	331.9	331.9
205	1975	4	1975.292	333.17	333.17
206	1975	5	1975.375	333.94	333.94
207	1975	6	1975.458	333.45	333.45
208	1975	7	1975.542	331.98	331.98
209	1975	8	1975.625	329.95	329.95
210	1975	9	1975.708	328.5	328.5
211	1975	10	1975.792	328.35	328.35
212	1975	11	1975.875	329.37	329.37
213	1975	12	1975.958	-99.99	330.59
214	1976	1	1976.042	331.59	331.59
215	1976	2	1976.125	332.75	332.75
216	1976	3	1976.208	333.52	333.52
217	1976	4	1976.292	334.64	334.64
218	1976	5	1976.375	334.77	334.77
219	1976	6	1976.458	334.0	334.0
220	1976	7	1976.542	333.06	333.06
221	1976	8	1976.625	330.68	330.68
222	1976	9	1976.708	328.95	328.95
223	1976	10	1976.792	328.75	328.75
224	1976	11	1976.875	330.15	330.15
225	1976	12	1976.958	331.63	331.63
226	1977	1	1977.042	332.66	332.66
227	1977	2	1977.125	333.13	333.13
228	1977	3	1977.208	334.95	334.95
229	1977	4	1977.292	336.13	336.13
230	1977	5	1977.375	336.93	336.93
231	1977	6	1977.458	336.16	336.16
232	1977	7	1977.542	334.88	334.88
233	1977	8	1977.625	332.56	332.56
234	1977	9	1977.708	331.29	331.29
235	1977	10	1977.792	331.27	331.27
236	1977	11	1977.875	332.41	332.41
237	1977	12	1977.958	333.6	333.6
238	1978	1	1978.042	334.95	334.95
239	1978	2	1978.125	335.25	335.25
240	1978	3	1978.208	336.66	336.66
241	1978	4	1978.292	337.69	337.69
242	1978	5	1978.375	338.03	338.03
243	1978	6	1978.458	338.01	338.01
244	1978	7	1978.542	336.41	336.41
245	1978	8	1978.625	334.41	334.41
246	1978	9	1978.708	332.37	332.37
247	1978	10	1978.792	332.41	332.41
248	1978	11	1978.875	333.75	333.75
249	1978	12	1978.958	334.9	334.9
250	1979	1	1979.042	336.14	336.14
251	1979	2	1979.125	336.69	336.69
252	1979	3	1979.208	338.27	338.27
253	1979	4	1979.292	338.96	338.96
254	1979	5	1979.375	339.21	339.21
255	1979	6	1979.458	339.26	339.26
256	1979	7	1979.542	337.54	337.54
257	1979	8	1979.625	335.75	335.75
258	1979	9	1979.708	333.98	333.98
259	1979	10	1979.792	334.19	334.19
260	1979	11	1979.875	335.31	335.31
261	1979	12	1979.958	336.81	336.81
262	1980	1	1980.042	337.9	337.9
263	1980	2	1980.125	338.34	338.34
264	1980	3	1980.208	340.01	340.01
265	1980	4	1980.292	340.93	340.93
266	1980	5	1980.375	341.48	341.48
267	1980	6	1980.458	341.33	341.33
268	1980	7	1980.542	339.4	339.4
269	1980	8	1980.625	337.7	337.7
270	1980	9	1980.708	336.19	336.19
271	1980	10	1980.792	336.15	336.15
272	1980	11	1980.875	337.27	337.27
273	1980	12	1980.958	338.32	338.32
274	1981	1	1981.042	339.29	339.29
275	1981	2	1981.125	340.55	340.55
276	1981	3	1981.208	341.61	341.61
277	1981	4	1981.292	342.53	342.53
278	1981	5	1981.375	343.03	343.03
279	1981	6	1981.458	342.54	342.54
280	1981	7	1981.542	340.78	340.78
281	1981	8	1981.625	338.44	338.44
282	1981	9	1981.708	336.95	336.95
283	1981	10	1981.792	337.08	337.08
284	1981	11	1981.875	338.58	338.58
285	1981	12	1981.958	339.88	339.88
286	1982	1	1982.042	340.96	340.96
287	1982	2	1982.125	341.73	341.73
288	1982	3	1982.208	342.82	342.82
289	1982	4	1982.292	343.97	343.97
290	1982	5	1982.375	344.63	344.63
291	1982	6	1982.458	343.79	343.79
292	1982	7	1982.542	342.32	342.32
293	1982	8	1982.625	340.09	340.09
294	1982	9	1982.708	338.28	338.28
295	1982	10	1982.792	338.29	338.29
296	1982	11	1982.875	339.6	339.6
297	1982	12	1982.958	340.9	340.9
298	1983	1	1983.042	341.68	341.68
299	1983	2	1983.125	342.9	342.9
300	1983	3	1983.208	343.33	343.33
301	1983	4	1983.292	345.25	345.25
302	1983	5	1983.375	346.03	346.03
303	1983	6	1983.458	345.63	345.63
304	1983	7	1983.542	344.19	344.19
305	1983	8	1983.625	342.27	342.27
306	1983	9	1983.708	340.35	340.35
307	1983	10	1983.792	340.38	340.38
308	1983	11	1983.875	341.59	341.59
309	1983	12	1983.958	343.05	343.05
310	1984	1	1984.042	344.1	344.1
311	1984	2	1984.125	344.79	344.79
312	1984	3	1984.208	345.52	345.52
313	1984	4	1984.292	-99.99	346.84
314	1984	5	1984.375	347.63	347.63
315	1984	6	1984.458	346.97	346.97
316	1984	7	1984.542	345.53	345.53
317	1984	8	1984.625	343.55	343.55
318	1984	9	1984.708	341.4	341.4
319	1984	10	1984.792	341.67	341.67
320	1984	11	1984.875	343.1	343.1
321	1984	12	1984.958	344.7	344.7
322	1985	1	1985.042	345.21	345.21
323	1985	2	1985.125	346.16	346.16
324	1985	3	1985.208	347.74	347.74
325	1985	4	1985.292	348.33	348.33
326	1985	5	1985.375	349.06	349.06
327	1985	6	1985.458	348.38	348.38
328	1985	7	1985.542	346.72	346.72
329	1985	8	1985.625	345.02	345.02
330	1985	9	1985.708	343.27	343.27
331	1985	10	1985.792	343.13	343.13
332	1985	11	1985.875	344.49	344.49
333	1985	12	1985.958	345.88	345.88
334	1986	1	1986.042	346.56	346.56
335	1986	2	1986.125	347.28	347.28
336	1986	3	1986.208	348.01	348.01
337	1986	4	1986.292	349.77	349.77
338	1986	5	1986.375	350.38	350.38
339	1986	6	1986.458	349.93	349.93
340	1986	7	1986.542	348.16	348.16
341	1986	8	1986.625	346.08	346.08
342	1986	9	1986.708	345.22	345.22
343	1986	10	1986.792	344.51	344.51
344	1986	11	1986.875	345.93	345.93
345	1986	12	1986.958	347.21	347.21
346	1987	1	1987.042	348.52	348.52
347	1987	2	1987.125	348.73	348.73
348	1987	3	1987.208	349.73	349.73
349	1987	4	1987.292	351.31	351.31
350	1987	5	1987.375	352.09	352.09
351	1987	6	1987.458	351.53	351.53
352	1987	7	1987.542	350.11	350.11
353	1987	8	1987.625	347.92	347.92
354	1987	9	1987.708	346.52	346.52
355	1987	10	1987.792	346.59	346.59
356	1987	11	1987.875	347.96	347.96
357	1987	12	1987.958	349.16	349.16
358	1988	1	1988.042	350.39	350.39
359	1988	2	1988.125	351.64	351.64
360	1988	3	1988.208	352.41	352.41
361	1988	4	1988.292	353.69	353.69
362	1988	5	1988.375	354.21	354.21
363	1988	6	1988.458	353.72	353.72
364	1988	7	1988.542	352.69	352.69
365	1988	8	1988.625	350.4	350.4
366	1988	9	1988.708	348.92	348.92
367	1988	10	1988.792	349.13	349.13
368	1988	11	1988.875	350.2	350.2
369	1988	12	1988.958	351.41	351.41
370	1989	1	1989.042	352.91	352.91
371	1989	2	1989.125	353.27	353.27
372	1989	3	1989.208	353.96	353.96
373	1989	4	1989.292	355.64	355.64
374	1989	5	1989.375	355.86	355.86
375	1989	6	1989.458	355.37	355.37
376	1989	7	1989.542	353.99	353.99
377	1989	8	1989.625	351.81	351.81
378	1989	9	1989.708	350.05	350.05
379	1989	10	1989.792	350.25	350.25
380	1989	11	1989.875	351.49	351.49
381	1989	12	1989.958	352.85	352.85
382	1990	1	1990.042	353.8	353.8
383	1990	2	1990.125	355.04	355.04
384	1990	3	1990.208	355.73	355.73
385	1990	4	1990.292	356.32	356.32
386	1990	5	1990.375	357.32	357.32
387	1990	6	1990.458	356.34	356.34
388	1990	7	1990.542	354.84	354.84
389	1990	8	1990.625	353.01	353.01
390	1990	9	1990.708	351.31	351.31
391	1990	10	1990.792	351.62	351.62
392	1990	11	1990.875	353.07	353.07
393	1990	12	1990.958	354.33	354.33
394	1991	1	1991.042	354.84	354.84
395	1991	2	1991.125	355.73	355.73
396	1991	3	1991.208	357.23	357.23
397	1991	4	1991.292	358.66	358.66
398	1991	5	1991.375	359.13	359.13
399	1991	6	1991.458	358.13	358.13
400	1991	7	1991.542	356.19	356.19
401	1991	8	1991.625	353.85	353.85
402	1991	9	1991.708	352.25	352.25
403	1991	10	1991.792	352.35	352.35
404	1991	11	1991.875	353.81	353.81
405	1991	12	1991.958	355.12	355.12
406	1992	1	1992.042	356.25	356.25
407	1992	2	1992.125	357.11	357.11
408	1992	3	1992.208	357.86	357.86
409	1992	4	1992.292	359.09	359.09
410	1992	5	1992.375	359.59	359.59
411	1992	6	1992.458	359.33	359.33
412	1992	7	1992.542	357.01	357.01
413	1992	8	1992.625	354.94	354.94
414	1992	9	1992.708	352.95	352.95
415	1992	10	1992.792	353.32	353.32
416	1992	11	1992.875	354.32	354.32
417	1992	12	1992.958	355.57	355.57
418	1993	1	1993.042	357.0	357.0
419	1993	2	1993.125	357.31	357.31
420	1993	3	1993.208	358.47	358.47
421	1993	4	1993.292	359.27	359.27
422	1993	5	1993.375	360.19	360.19
423	1993	6	1993.458	359.52	359.52
424	1993	7	1993.542	357.33	357.33
425	1993	8	1993.625	355.64	355.64
426	1993	9	1993.708	354.03	354.03
427	1993	10	1993.792	354.12	354.12
428	1993	11	1993.875	355.41	355.41
429	1993	12	1993.958	356.91	356.91
430	1994	1	1994.042	358.24	358.24
431	1994	2	1994.125	358.92	358.92
432	1994	3	1994.208	359.99	359.99
433	1994	4	1994.292	361.23	361.23
434	1994	5	1994.375	361.65	361.65
435	1994	6	1994.458	360.81	360.81
436	1994	7	1994.542	359.38	359.38
437	1994	8	1994.625	357.46	357.46
438	1994	9	1994.708	355.73	355.73
439	1994	10	1994.792	356.07	356.07
440	1994	11	1994.875	357.53	357.53
441	1994	12	1994.958	358.98	358.98
442	1995	1	1995.042	359.92	359.92
443	1995	2	1995.125	360.86	360.86
444	1995	3	1995.208	361.83	361.83
445	1995	4	1995.292	363.3	363.3
446	1995	5	1995.375	363.69	363.69
447	1995	6	1995.458	363.19	363.19
448	1995	7	1995.542	361.64	361.64
449	1995	8	1995.625	359.12	359.12
450	1995	9	1995.708	358.17	358.17
451	1995	10	1995.792	357.99	357.99
452	1995	11	1995.875	359.45	359.45
453	1995	12	1995.958	360.68	360.68
454	1996	1	1996.042	362.07	362.07
455	1996	2	1996.125	363.24	363.24
456	1996	3	1996.208	364.17	364.17
457	1996	4	1996.292	364.57	364.57
458	1996	5	1996.375	365.13	365.13
459	1996	6	1996.458	364.92	364.92
460	1996	7	1996.542	363.55	363.55
461	1996	8	1996.625	361.38	361.38
462	1996	9	1996.708	359.54	359.54
463	1996	10	1996.792	359.58	359.58
464	1996	11	1996.875	360.89	360.89
465	1996	12	1996.958	362.25	362.25
466	1997	1	1997.042	363.09	363.09
467	1997	2	1997.125	364.03	364.03
468	1997	3	1997.208	364.51	364.51
469	1997	4	1997.292	366.35	366.35
470	1997	5	1997.375	366.64	366.64
471	1997	6	1997.458	365.59	365.59
472	1997	7	1997.542	364.31	364.31
473	1997	8	1997.625	362.25	362.25
474	1997	9	1997.708	360.29	360.29
475	1997	10	1997.792	360.82	360.82
476	1997	11	1997.875	362.49	362.49
477	1997	12	1997.958	364.38	364.38
478	1998	1	1998.042	365.26	365.26
479	1998	2	1998.125	365.98	365.98
480	1998	3	1998.208	367.24	367.24
481	1998	4	1998.292	368.66	368.66
482	1998	5	1998.375	369.42	369.42
483	1998	6	1998.458	368.99	368.99
484	1998	7	1998.542	367.82	367.82
485	1998	8	1998.625	365.95	365.95
486	1998	9	1998.708	364.02	364.02
487	1998	10	1998.792	364.4	364.4
488	1998	11	1998.875	365.52	365.52
489	1998	12	1998.958	367.13	367.13
490	1999	1	1999.042	368.18	368.18
491	1999	2	1999.125	369.07	369.07
492	1999	3	1999.208	369.68	369.68
493	1999	4	1999.292	370.99	370.99
494	1999	5	1999.375	370.96	370.96
495	1999	6	1999.458	370.3	370.3
496	1999	7	1999.542	369.45	369.45
497	1999	8	1999.625	366.9	366.9
498	1999	9	1999.708	364.81	364.81
499	1999	10	1999.792	365.37	365.37
500	1999	11	1999.875	366.72	366.72
501	1999	12	1999.958	368.1	368.1
502	2000	1	2000.042	369.29	369.29
503	2000	2	2000.125	369.54	369.54
504	2000	3	2000.208	370.6	370.6
505	2000	4	2000.292	371.81	371.81
506	2000	5	2000.375	371.58	371.58
507	2000	6	2000.458	371.7	371.7
508	2000	7	2000.542	369.86	369.86
509	2000	8	2000.625	368.13	368.13
510	2000	9	2000.708	367.0	367.0
511	2000	10	2000.792	367.03	367.03
512	2000	11	2000.875	368.37	368.37
513	2000	12	2000.958	369.67	369.67
514	2001	1	2001.042	370.59	370.59
515	2001	2	2001.125	371.51	371.51
516	2001	3	2001.208	372.43	372.43
517	2001	4	2001.292	373.37	373.37
518	2001	5	2001.375	373.85	373.85
519	2001	6	2001.458	373.21	373.21
520	2001	7	2001.542	371.51	371.51
521	2001	8	2001.625	369.61	369.61
522	2001	9	2001.708	368.18	368.18
523	2001	10	2001.792	368.45	368.45
524	2001	11	2001.875	369.76	369.76
525	2001	12	2001.958	371.24	371.24
526	2002	1	2002.042	372.53	372.53
527	2002	2	2002.125	373.2	373.2
528	2002	3	2002.208	374.12	374.12
529	2002	4	2002.292	375.02	375.02
530	2002	5	2002.375	375.76	375.76
531	2002	6	2002.458	375.52	375.52
532	2002	7	2002.542	374.01	374.01
533	2002	8	2002.625	371.85	371.85
534	2002	9	2002.708	370.75	370.75
535	2002	10	2002.792	370.55	370.55
536	2002	11	2002.875	372.25	372.25
537	2002	12	2002.958	373.79	373.79
538	2003	1	2003.042	374.88	374.88
539	2003	2	2003.125	375.64	375.64
540	2003	3	2003.208	376.46	376.46
541	2003	4	2003.292	377.73	377.73
542	2003	5	2003.375	378.6	378.6
543	2003	6	2003.458	378.28	378.28
544	2003	7	2003.542	376.7	376.7
545	2003	8	2003.625	374.38	374.38
546	2003	9	2003.708	373.17	373.17
547	2003	10	2003.792	373.14	373.14
548	2003	11	2003.875	374.66	374.66
549	2003	12	2003.958	375.99	375.99
550	2004	1	2004.042	377.0	377.0
551	2004	2	2004.125	377.87	377.87
552	2004	3	2004.208	378.88	378.88
553	2004	4	2004.292	380.35	380.35
554	2004	5	2004.375	380.62	380.62
555	2004	6	2004.458	379.69	379.69
556	2004	7	2004.542	377.47	377.47
557	2004	8	2004.625	376.01	376.01
558	2004	9	2004.708	374.25	374.25
559	2004	10	2004.792	374.46	374.46
560	2004	11	2004.875	376.16	376.16
561	2004	12	2004.958	377.51	377.51
562	2005	1	2005.042	378.46	378.46
563	2005	2	2005.125	379.73	379.73
564	2005	3	2005.208	380.77	380.77
565	2005	4	2005.292	382.29	382.29
566	2005	5	2005.375	382.45	382.45
567	2005	6	2005.458	382.22	382.22
568	2005	7	2005.542	380.74	380.74
569	2005	8	2005.625	378.74	378.74
570	2005	9	2005.708	376.7	376.7
571	2005	10	2005.792	377.0	377.0
572	2005	11	2005.875	378.35	378.35
573	2005	12	2005.958	380.11	380.11
574	2006	1	2006.042	381.38	381.38
575	2006	2	2006.125	382.19	382.19
576	2006	3	2006.208	382.67	382.67
577	2006	4	2006.292	384.61	384.61
578	2006	5	2006.375	385.03	385.03
579	2006	6	2006.458	384.05	384.05
580	2006	7	2006.542	382.46	382.46
581	2006	8	2006.625	380.41	380.41
582	2006	9	2006.708	378.85	378.85
583	2006	10	2006.792	379.13	379.13
584	2006	11	2006.875	380.15	380.15
585	2006	12	2006.958	381.82	381.82
586	2007	1	2007.042	382.89	382.89
587	2007	2	2007.125	383.9	383.9
588	2007	3	2007.208	384.58	384.58
589	2007	4	2007.292	386.5	386.5
590	2007	5	2007.375	386.56	386.56
591	2007	6	2007.458	386.1	386.1
592	2007	7	2007.542	384.5	384.5
593	2007	8	2007.625	381.99	381.99
594	2007	9	2007.708	380.96	380.96
595	2007	10	2007.792	381.12	381.12
596	2007	11	2007.875	382.45	382.45
597	2007	12	2007.958	383.95	383.95
598	2008	1	2008.042	385.52	385.52
599	2008	2	2008.125	385.82	385.82
600	2008	3	2008.208	386.03	386.03
601	2008	4	2008.292	387.21	387.21
602	2008	5	2008.375	388.54	388.54
603	2008	6	2008.458	387.76	387.76
604	2008	7	2008.542	386.36	386.36
605	2008	8	2008.625	384.09	384.09
606	2008	9	2008.708	383.18	383.18
607	2008	10	2008.792	382.99	382.99
608	2008	11	2008.875	384.19	384.19
609	2008	12	2008.958	385.56	385.56
610	2009	1	2009.042	386.94	386.94
611	2009	2	2009.125	387.47	387.47
612	2009	3	2009.208	388.82	388.82
613	2009	4	2009.292	389.55	389.55
614	2009	5	2009.375	390.14	390.14
615	2009	6	2009.458	389.48	389.48
616	2009	7	2009.542	388.03	388.03
617	2009	8	2009.625	386.11	386.11
618	2009	9	2009.708	384.74	384.74
619	2009	10	2009.792	384.43	384.43
620	2009	11	2009.875	386.02	386.02
621	2009	12	2009.958	387.42	387.42
622	2010	1	2010.042	388.71	388.71
623	2010	2	2010.125	390.2	390.2
624	2010	3	2010.208	391.17	391.17
625	2010	4	2010.292	392.46	392.46
626	2010	5	2010.375	393.0	393.0
627	2010	6	2010.458	392.15	392.15
628	2010	7	2010.542	390.2	390.2
629	2010	8	2010.625	388.35	388.35
630	2010	9	2010.708	386.85	386.85
631	2010	10	2010.792	387.24	387.24
632	2010	11	2010.875	388.67	388.67
633	2010	12	2010.958	389.79	389.79
634	2011	1	2011.042	391.33	391.33
635	2011	2	2011.125	391.86	391.86
636	2011	3	2011.208	392.6	392.6
637	2011	4	2011.292	393.25	393.25
638	2011	5	2011.375	394.19	394.19
639	2011	6	2011.458	393.73	393.73
640	2011	7	2011.542	392.51	392.51
641	2011	8	2011.625	390.13	390.13
642	2011	9	2011.708	389.08	389.08
643	2011	10	2011.792	389.0	389.0
644	2011	11	2011.875	390.28	390.28
645	2011	12	2011.958	391.86	391.86
646	2012	1	2012.042	393.12	393.12
647	2012	2	2012.125	393.86	393.86
648	2012	3	2012.208	394.4	394.4
649	2012	4	2012.292	396.18	396.18
650	2012	5	2012.375	396.74	396.74
651	2012	6	2012.458	395.71	395.71
652	2012	7	2012.542	394.36	394.36
653	2012	8	2012.625	392.39	392.39
654	2012	9	2012.708	391.11	391.11
655	2012	10	2012.792	391.05	391.05
656	2012	11	2012.875	392.98	392.98
657	2012	12	2012.958	394.34	394.34
658	2013	1	2013.042	395.55	395.55
659	2013	2	2013.125	396.8	396.8
660	2013	3	2013.208	397.43	397.43
661	2013	4	2013.292	398.41	398.41
662	2013	5	2013.375	399.78	399.78
663	2013	6	2013.458	398.61	398.61
664	2013	7	2013.542	397.32	397.32
665	2013	8	2013.625	395.2	395.2
666	2013	9	2013.708	393.45	393.45
667	2013	10	2013.792	393.7	393.7
668	2013	11	2013.875	395.16	395.16
669	2013	12	2013.958	396.84	396.84
670	2014	1	2014.042	397.85	397.85
671	2014	2	2014.125	398.01	398.01
672	2014	3	2014.208	399.77	399.77
673	2014	4	2014.292	401.38	401.38
674	2014	5	2014.375	401.78	401.78
675	2014	6	2014.458	401.25	401.25
676	2014	7	2014.542	399.1	399.1
677	2014	8	2014.625	397.03	397.03
678	2014	9	2014.708	395.38	395.38
679	2014	10	2014.792	396.03	396.03
680	2014	11	2014.875	397.28	397.28
681	2014	12	2014.958	398.91	398.91
682	2015	1	2015.042	399.98	399.98
683	2015	2	2015.125	400.28	400.28
684	2015	3	2015.208	401.54	401.54
685	2015	4	2015.292	403.28	403.28
686	2015	5	2015.375	403.96	403.96
687	2015	6	2015.458	402.8	402.8
688	2015	7	2015.542	401.31	401.31
689	2015	8	2015.625	398.93	398.93
690	2015	9	2015.708	397.63	397.63
691	2015	10	2015.792	398.29	398.29
692	2015	11	2015.875	400.16	400.16
693	2015	12	2015.958	401.85	401.85
694	2016	1	2016.042	402.52	402.52
695	2016	2	2016.125	404.04	404.04
696	2016	3	2016.208	404.83	404.83
697	2016	4	2016.292	407.42	407.42
698	2016	5	2016.375	407.7	407.7
699	2016	6	2016.458	406.81	406.81
700	2016	7	2016.542	404.39	404.39
701	2016	8	2016.625	402.25	402.25
702	2016	9	2016.708	401.03	401.03
703	2016	10	2016.792	401.57	401.57
704	2016	11	2016.875	403.53	403.53
705	2016	12	2016.958	404.48	404.48
